,longrun_skews,longrun_means,longrun_stds,constant,sizes,horizons,equal,value,minvar,riskpar,rand
0,1.7576497747673177,16.957982851808026,47.37865155326101,1.0,2,1.0,1.0,0.0,0.0,0.0,0.0
1,2.748896249883836,88.78239894447857,152.51719413683023,1.0,2,4.0,1.0,0.0,0.0,0.0,0.0
2,3.1110030413684453,162.64162998123055,254.77401806011787,1.0,2,7.0,1.0,0.0,0.0,0.0,0.0
3,2.6493896639803007,281.1610730320092,390.954908873301,1.0,2,10.0,1.0,0.0,0.0,0.0,0.0
4,3.8863131711903347,557.3735699969542,933.9826132749998,1.0,2,13.0,1.0,0.0,0.0,0.0,0.0
5,4.336047777617319,822.7107848705455,1383.720631857156,1.0,2,16.0,1.0,0.0,0.0,0.0,0.0
6,4.164953592280142,1146.8742312395186,1977.9317124704628,1.0,2,19.0,1.0,0.0,0.0,0.0,0.0
7,5.543331368126471,2158.664063736666,4403.438504814497,1.0,2,22.0,1.0,0.0,0.0,0.0,0.0
8,5.370086862083178,3027.0422058749423,6270.922476258428,1.0,2,25.0,1.0,0.0,0.0,0.0,0.0
9,2.2378446052369085,19.651006926710497,41.63069864916339,1.0,5,1.0,1.0,0.0,0.0,0.0,0.0
10,2.152385130002404,85.91394262504664,103.17222077195349,1.0,5,4.0,1.0,0.0,0.0,0.0,0.0
11,2.5189431987480733,171.44827955981776,181.84074890498476,1.0,5,7.0,1.0,0.0,0.0,0.0,0.0
12,2.0648634799902457,289.7148791691441,269.6404577079162,1.0,5,10.0,1.0,0.0,0.0,0.0,0.0
13,3.0037958280997894,541.6033477953824,561.2810678831337,1.0,5,13.0,1.0,0.0,0.0,0.0,0.0
14,2.9669074100179924,852.8790458424581,909.0846266330869,1.0,5,16.0,1.0,0.0,0.0,0.0,0.0
15,3.2161517628583494,1236.0412967623172,1376.428208041937,1.0,5,19.0,1.0,0.0,0.0,0.0,0.0
16,3.075268043164042,2337.5195703473096,2640.916504816433,1.0,5,22.0,1.0,0.0,0.0,0.0,0.0
17,3.191470856937701,3139.1478578298515,3631.0379085346863,1.0,5,25.0,1.0,0.0,0.0,0.0,0.0
18,2.0981434375904393,17.85144062163331,36.63015495083944,1.0,8,1.0,1.0,0.0,0.0,0.0,0.0
19,1.759012412102323,86.64623519299089,95.82460374196768,1.0,8,4.0,1.0,0.0,0.0,0.0,0.0
20,2.0451669545492277,168.23963593093012,149.77717088042738,1.0,8,7.0,1.0,0.0,0.0,0.0,0.0
21,1.9169938577987016,310.26296526237775,241.54396422320525,1.0,8,10.0,1.0,0.0,0.0,0.0,0.0
22,2.2587621877637933,545.3660505251561,452.63561956938685,1.0,8,13.0,1.0,0.0,0.0,0.0,0.0
23,2.267215737444364,847.7472964594695,700.663548850313,1.0,8,16.0,1.0,0.0,0.0,0.0,0.0
24,2.3183491361001267,1262.2839763647387,1056.8275154947669,1.0,8,19.0,1.0,0.0,0.0,0.0,0.0
25,2.384589168699375,2246.5061293248,1904.2277696123872,1.0,8,22.0,1.0,0.0,0.0,0.0,0.0
26,2.6464017033758607,3347.786412355742,3050.9172563538905,1.0,8,25.0,1.0,0.0,0.0,0.0,0.0
27,2.611104315577382,19.232570028693903,39.397044001373274,1.0,11,1.0,1.0,0.0,0.0,0.0,0.0
28,1.2466912395323728,90.01629236998127,85.64313268426872,1.0,11,4.0,1.0,0.0,0.0,0.0,0.0
29,1.8216537960301358,166.9095597290788,130.72518932082002,1.0,11,7.0,1.0,0.0,0.0,0.0,0.0
30,2.1889204257000974,315.9343078449027,231.9211637501077,1.0,11,10.0,1.0,0.0,0.0,0.0,0.0
31,2.4920574582989032,553.740525650086,421.2943847451828,1.0,11,13.0,1.0,0.0,0.0,0.0,0.0
32,1.7813694522062664,839.8335296592654,594.0795908531168,1.0,11,16.0,1.0,0.0,0.0,0.0,0.0
33,2.2564883673562615,1246.8252563298117,928.2684810831513,1.0,11,19.0,1.0,0.0,0.0,0.0,0.0
34,2.1748373853388236,2272.2530593081374,1662.8134879474583,1.0,11,22.0,1.0,0.0,0.0,0.0,0.0
35,2.3892813927970544,3377.7693395985707,2657.781413634953,1.0,11,25.0,1.0,0.0,0.0,0.0,0.0
36,1.735669525925638,18.779044759362897,33.168412676796024,1.0,14,1.0,1.0,0.0,0.0,0.0,0.0
37,1.2575716157978136,88.02038323279203,82.00356626303677,1.0,14,4.0,1.0,0.0,0.0,0.0,0.0
38,1.4180594691993649,167.47855280138447,120.41913340683874,1.0,14,7.0,1.0,0.0,0.0,0.0,0.0
39,1.9020973037605196,304.58031853235934,196.8823169996867,1.0,14,10.0,1.0,0.0,0.0,0.0,0.0
40,2.2899033531471553,574.9170199385478,417.32465114920524,1.0,14,13.0,1.0,0.0,0.0,0.0,0.0
41,1.6628825807729593,829.9619697208526,539.2252023701102,1.0,14,16.0,1.0,0.0,0.0,0.0,0.0
42,1.7815107746828522,1224.5269102324598,805.070098274595,1.0,14,19.0,1.0,0.0,0.0,0.0,0.0
43,1.8377050489672562,2289.782949556873,1508.0466967034029,1.0,14,22.0,1.0,0.0,0.0,0.0,0.0
44,2.1447841708913695,3339.1869326439637,2235.4352955471486,1.0,14,25.0,1.0,0.0,0.0,0.0,0.0
45,2.154400724916114,17.366776132073237,35.64511949715761,1.0,17,1.0,1.0,0.0,0.0,0.0,0.0
46,1.0938567983521779,86.87652482900876,76.14277126116167,1.0,17,4.0,1.0,0.0,0.0,0.0,0.0
47,1.5101287342075802,172.73872921828232,121.3906366516619,1.0,17,7.0,1.0,0.0,0.0,0.0,0.0
48,1.5492500195562626,307.8697169553048,179.20573160541392,1.0,17,10.0,1.0,0.0,0.0,0.0,0.0
49,2.0451980339353955,574.0675767008984,378.22940578399636,1.0,17,13.0,1.0,0.0,0.0,0.0,0.0
50,1.9096404283404143,836.6619722552686,513.4997864188101,1.0,17,16.0,1.0,0.0,0.0,0.0,0.0
51,1.7472462680160439,1248.945745918786,757.7404378264935,1.0,17,19.0,1.0,0.0,0.0,0.0,0.0
52,1.8430464391141272,2362.3393264104125,1447.1428705354801,1.0,17,22.0,1.0,0.0,0.0,0.0,0.0
53,1.8510214489234698,3407.7117317969164,2106.240942794591,1.0,17,25.0,1.0,0.0,0.0,0.0,0.0
54,1.8194012962091832,17.951228549653493,33.13912142140354,1.0,20,1.0,1.0,0.0,0.0,0.0,0.0
55,1.0244391086481561,88.44117249175886,76.74519258632378,1.0,20,4.0,1.0,0.0,0.0,0.0,0.0
56,1.8141320371696308,171.18855072948145,122.0505581944337,1.0,20,7.0,1.0,0.0,0.0,0.0,0.0
57,1.8633666294476456,300.40636996308166,175.0977821786721,1.0,20,10.0,1.0,0.0,0.0,0.0,0.0
58,1.7799809281686678,562.0790716053676,353.19799344519134,1.0,20,13.0,1.0,0.0,0.0,0.0,0.0
59,1.622871172993095,859.7973751580297,502.69127135473866,1.0,20,16.0,1.0,0.0,0.0,0.0,0.0
60,1.6095959175744972,1240.6968879034462,690.1579049250267,1.0,20,19.0,1.0,0.0,0.0,0.0,0.0
61,1.6550917917434114,2295.3080024274986,1272.335051831629,1.0,20,22.0,1.0,0.0,0.0,0.0,0.0
62,1.6176121313519507,3422.7853741767094,1927.627569342186,1.0,20,25.0,1.0,0.0,0.0,0.0,0.0
63,2.078536069309854,18.875615291915175,34.43103690147446,1.0,23,1.0,1.0,0.0,0.0,0.0,0.0
64,0.9187607510382062,89.52821259026608,73.81373083555134,1.0,23,4.0,1.0,0.0,0.0,0.0,0.0
65,1.5411913568640156,168.28609017048115,110.90960653468109,1.0,23,7.0,1.0,0.0,0.0,0.0,0.0
66,1.7414955298113164,303.57740807861023,168.5681022459498,1.0,23,10.0,1.0,0.0,0.0,0.0,0.0
67,2.010165770753161,569.2302767072761,347.6960452615782,1.0,23,13.0,1.0,0.0,0.0,0.0,0.0
68,1.5912640347488956,845.9975713180261,458.5432929498129,1.0,23,16.0,1.0,0.0,0.0,0.0,0.0
69,1.7960417828005917,1248.819898102596,692.2584299570656,1.0,23,19.0,1.0,0.0,0.0,0.0,0.0
70,1.7972545560800648,2377.880183656497,1258.5794835983736,1.0,23,22.0,1.0,0.0,0.0,0.0,0.0
71,1.7179889010024145,3373.808675564219,1737.2409486708652,1.0,23,25.0,1.0,0.0,0.0,0.0,0.0
72,1.576444973786536,17.634266574354626,32.57244024373329,1.0,26,1.0,1.0,0.0,0.0,0.0,0.0
73,0.9295538640752251,90.28598572403666,75.7052475341864,1.0,26,4.0,1.0,0.0,0.0,0.0,0.0
74,1.4712376235148312,172.74831914256956,114.00521209372037,1.0,26,7.0,1.0,0.0,0.0,0.0,0.0
75,1.3917646482341555,310.8303828343965,160.05999211742966,1.0,26,10.0,1.0,0.0,0.0,0.0,0.0
76,1.7712298006162812,566.5103775198346,339.2547280464792,1.0,26,13.0,1.0,0.0,0.0,0.0,0.0
77,1.6589920123393374,867.610148111779,464.9532006151741,1.0,26,16.0,1.0,0.0,0.0,0.0,0.0
78,1.369291462166002,1241.0609936520173,642.635194931998,1.0,26,19.0,1.0,0.0,0.0,0.0,0.0
79,1.7871538898894905,2355.1414508770076,1199.7013031566526,1.0,26,22.0,1.0,0.0,0.0,0.0,0.0
80,1.5113648125046266,3394.474296946126,1616.6799385144102,1.0,26,25.0,1.0,0.0,0.0,0.0,0.0
81,2.0947865377195245,17.165587084416366,34.34375356125486,1.0,29,1.0,1.0,0.0,0.0,0.0,0.0
82,1.1132324512384635,89.10990011908812,76.15465235744429,1.0,29,4.0,1.0,0.0,0.0,0.0,0.0
83,1.622029081071879,172.33004326064318,109.58881001150567,1.0,29,7.0,1.0,0.0,0.0,0.0,0.0
84,1.7678090466153222,309.6519196065958,164.99378315134493,1.0,29,10.0,1.0,0.0,0.0,0.0,0.0
85,1.950366406700611,574.5078622864238,345.60749691674795,1.0,29,13.0,1.0,0.0,0.0,0.0,0.0
86,1.6961705823721263,852.935675288987,447.4409651614197,1.0,29,16.0,1.0,0.0,0.0,0.0,0.0
87,1.3170782393600615,1225.599619179619,597.0787472005608,1.0,29,19.0,1.0,0.0,0.0,0.0,0.0
88,1.339099496987489,2327.1577940125567,1086.5148654893853,1.0,29,22.0,1.0,0.0,0.0,0.0,0.0
89,1.2621081375409522,3395.177493640594,1490.0874008722337,1.0,29,25.0,1.0,0.0,0.0,0.0,0.0
90,2.4024593721105245,19.115648216737124,36.716065985736144,1.0,32,1.0,1.0,0.0,0.0,0.0,0.0
91,1.1253491616214866,93.58672960912995,78.47591113500765,1.0,32,4.0,1.0,0.0,0.0,0.0,0.0
92,1.7629595566858853,173.57221934603655,112.552423818673,1.0,32,7.0,1.0,0.0,0.0,0.0,0.0
93,1.474861262015005,306.6416287535124,150.10785050283786,1.0,32,10.0,1.0,0.0,0.0,0.0,0.0
94,1.7426504803962477,562.1418087785186,315.9291505227494,1.0,32,13.0,1.0,0.0,0.0,0.0,0.0
95,1.5712896563432244,860.916957665395,430.39392456383655,1.0,32,16.0,1.0,0.0,0.0,0.0,0.0
96,1.212843766470552,1242.4707676057546,578.0399113887386,1.0,32,19.0,1.0,0.0,0.0,0.0,0.0
97,1.1745693131318031,2327.0609000361824,1020.8878457252671,1.0,32,22.0,1.0,0.0,0.0,0.0,0.0
98,1.4128414225678925,3424.952254896828,1449.9261806085035,1.0,32,25.0,1.0,0.0,0.0,0.0,0.0
99,1.7200064453761403,14.060718022745776,44.74193745879673,1.0,2,1.0,0.0,1.0,0.0,0.0,0.0
100,2.4190662174181936,72.8684802327963,127.57355776486891,1.0,2,4.0,0.0,1.0,0.0,0.0,0.0
101,2.616313679868567,129.75329224174158,210.3821373407845,1.0,2,7.0,0.0,1.0,0.0,0.0,0.0
102,3.1764963417021517,235.30129672435837,377.80334434372776,1.0,2,10.0,0.0,1.0,0.0,0.0,0.0
103,3.6412956577494944,402.7572539724738,670.3509393493352,1.0,2,13.0,0.0,1.0,0.0,0.0,0.0
104,3.61816077800909,552.620912254078,950.0130260836653,1.0,2,16.0,0.0,1.0,0.0,0.0,0.0
105,5.539715224617881,764.7734839010034,1537.478672926162,1.0,2,19.0,0.0,1.0,0.0,0.0,0.0
106,5.540010371376766,1234.9042806954735,2609.1487040692728,1.0,2,22.0,0.0,1.0,0.0,0.0,0.0
107,5.972538661423821,1756.857320626938,4211.074336400889,1.0,2,25.0,0.0,1.0,0.0,0.0,0.0
108,0.9826819740672701,13.266217330391795,34.756609210160235,1.0,5,1.0,0.0,1.0,0.0,0.0,0.0
109,1.4146431883187387,62.33710935907468,84.67620647044328,1.0,5,4.0,0.0,1.0,0.0,0.0,0.0
110,2.323535623386943,115.26391727253998,150.14785012456812,1.0,5,7.0,0.0,1.0,0.0,0.0,0.0
111,2.0756573144432826,191.68472191828164,215.53541387411758,1.0,5,10.0,0.0,1.0,0.0,0.0,0.0
112,2.563709962188365,333.1482311814068,379.0910477094662,1.0,5,13.0,0.0,1.0,0.0,0.0,0.0
113,2.767367329374877,479.08455612704836,549.1235500686892,1.0,5,16.0,0.0,1.0,0.0,0.0,0.0
114,3.329661211507832,646.8184215073949,822.552828478098,1.0,5,19.0,0.0,1.0,0.0,0.0,0.0
115,2.9680892750823724,1031.4092292704881,1300.8530584319944,1.0,5,22.0,0.0,1.0,0.0,0.0,0.0
116,3.4783872368851485,1264.6152349928088,1775.9612113323287,1.0,5,25.0,0.0,1.0,0.0,0.0,0.0
117,0.918211207915879,13.19759252157599,30.746238624934225,1.0,8,1.0,0.0,1.0,0.0,0.0,0.0
118,1.440337250075518,59.79862378899154,76.96056255917108,1.0,8,4.0,0.0,1.0,0.0,0.0,0.0
119,1.6541945893733137,116.964088570007,123.21853559226048,1.0,8,7.0,0.0,1.0,0.0,0.0,0.0
120,2.1699404086806315,192.27721594662142,192.95679918154676,1.0,8,10.0,0.0,1.0,0.0,0.0,0.0
121,2.4203634265421234,328.63524218997566,324.92028426759356,1.0,8,13.0,0.0,1.0,0.0,0.0,0.0
122,2.3014709545132273,469.9863101755791,470.0219938651499,1.0,8,16.0,0.0,1.0,0.0,0.0,0.0
123,2.1449049155879427,588.1212089051072,586.6695387481464,1.0,8,19.0,0.0,1.0,0.0,0.0,0.0
124,2.625068474042125,885.6989761395355,928.0737552555024,1.0,8,22.0,0.0,1.0,0.0,0.0,0.0
125,2.7691416003694393,1169.8504307255757,1297.9717527481673,1.0,8,25.0,0.0,1.0,0.0,0.0,0.0
126,0.7748894696089786,11.803475463276966,28.7729660012814,1.0,11,1.0,0.0,1.0,0.0,0.0,0.0
127,1.173567184790345,56.2303648188172,67.98887478384069,1.0,11,4.0,0.0,1.0,0.0,0.0,0.0
128,1.7874567668780665,112.4276921301961,115.34422654212304,1.0,11,7.0,0.0,1.0,0.0,0.0,0.0
129,1.8415099672574373,192.5399141344661,171.18495935557513,1.0,11,10.0,0.0,1.0,0.0,0.0,0.0
130,2.178524734607138,313.27843796175875,273.7472796370851,1.0,11,13.0,0.0,1.0,0.0,0.0,0.0
131,2.2626654023607493,423.0636368081161,381.1700280367507,1.0,11,16.0,0.0,1.0,0.0,0.0,0.0
132,2.3729452855022948,583.2272398111577,553.9594154828726,1.0,11,19.0,0.0,1.0,0.0,0.0,0.0
133,2.0042808436200152,853.648561317218,763.1557720697746,1.0,11,22.0,0.0,1.0,0.0,0.0,0.0
134,2.2340484204058386,1028.5445948084093,1020.6201477886165,1.0,11,25.0,0.0,1.0,0.0,0.0,0.0
135,0.710392839632292,13.661800209910675,27.853692835160025,1.0,14,1.0,0.0,1.0,0.0,0.0,0.0
136,1.1134379696024943,54.303625418836035,63.90131331362454,1.0,14,4.0,0.0,1.0,0.0,0.0,0.0
137,1.368189722719694,106.72586601484784,102.30474944661171,1.0,14,7.0,0.0,1.0,0.0,0.0,0.0
138,1.6295220141037843,188.75744672374802,154.85129997391604,1.0,14,10.0,0.0,1.0,0.0,0.0,0.0
139,1.9636523253756017,315.44355085065496,255.9965656315669,1.0,14,13.0,0.0,1.0,0.0,0.0,0.0
140,1.9886063566060979,421.29562453870847,345.7356562003233,1.0,14,16.0,0.0,1.0,0.0,0.0,0.0
141,1.8900880100717814,552.8596833642068,445.71177708649066,1.0,14,19.0,0.0,1.0,0.0,0.0,0.0
142,2.159201608406836,819.716090532848,684.6864586033928,1.0,14,22.0,0.0,1.0,0.0,0.0,0.0
143,2.7770333360506183,1012.0574938333492,980.7329772123725,1.0,14,25.0,0.0,1.0,0.0,0.0,0.0
144,0.4674389505911559,12.391653064236735,26.308104975878962,1.0,17,1.0,0.0,1.0,0.0,0.0,0.0
145,1.136251607031229,54.571865503964624,63.25113619173687,1.0,17,4.0,0.0,1.0,0.0,0.0,0.0
146,1.5138391390742212,104.38409953217126,94.31872746938748,1.0,17,7.0,0.0,1.0,0.0,0.0,0.0
147,1.8256073653632032,183.17878625027103,147.47340113373983,1.0,17,10.0,0.0,1.0,0.0,0.0,0.0
148,1.4528910863549167,307.2056264726586,218.48524104804372,1.0,17,13.0,0.0,1.0,0.0,0.0,0.0
149,2.0451898415871077,421.36341741852334,332.1317835645214,1.0,17,16.0,0.0,1.0,0.0,0.0,0.0
150,1.9684212887582155,547.8462962706401,427.8705791317812,1.0,17,19.0,0.0,1.0,0.0,0.0,0.0
151,2.1004363600130818,789.6998582745156,644.5744266793395,1.0,17,22.0,0.0,1.0,0.0,0.0,0.0
152,2.648860063739031,942.4218606627528,854.3209229571552,1.0,17,25.0,0.0,1.0,0.0,0.0,0.0
153,0.5149751115323103,11.845078607504151,25.50840560518453,1.0,20,1.0,0.0,1.0,0.0,0.0,0.0
154,0.9474546840061027,53.50525613738666,57.70451408609856,1.0,20,4.0,0.0,1.0,0.0,0.0,0.0
155,1.5034947383269472,100.25459072703403,91.39022148501978,1.0,20,7.0,0.0,1.0,0.0,0.0,0.0
156,1.5263395012363645,180.18896809874934,139.51544294682807,1.0,20,10.0,0.0,1.0,0.0,0.0,0.0
157,2.032152017887849,301.8106497157944,225.40145667505732,1.0,20,13.0,0.0,1.0,0.0,0.0,0.0
158,1.7756445346396585,412.2488892162826,294.42486356342107,1.0,20,16.0,0.0,1.0,0.0,0.0,0.0
159,1.9610614546616691,558.4263718216365,420.8556026535009,1.0,20,19.0,0.0,1.0,0.0,0.0,0.0
160,2.1690483145908774,774.1667500924913,595.926898106122,1.0,20,22.0,0.0,1.0,0.0,0.0,0.0
161,2.320659921048344,930.1346062151118,784.7032231671916,1.0,20,25.0,0.0,1.0,0.0,0.0,0.0
162,0.5233424655908283,11.52899795185696,24.81942539601528,1.0,23,1.0,0.0,1.0,0.0,0.0,0.0
163,0.7579885867233138,50.944646639954634,54.6881985763239,1.0,23,4.0,0.0,1.0,0.0,0.0,0.0
164,1.1169114673702345,103.53156444116071,86.96354945235397,1.0,23,7.0,0.0,1.0,0.0,0.0,0.0
165,1.5334411508742263,179.78664999930083,137.6193076190412,1.0,23,10.0,0.0,1.0,0.0,0.0,0.0
166,1.5778855941729406,301.88557564775647,208.0678480418236,1.0,23,13.0,0.0,1.0,0.0,0.0,0.0
167,1.9749570821533218,412.10254390957243,297.2968318542258,1.0,23,16.0,0.0,1.0,0.0,0.0,0.0
168,1.7328628364127827,533.1813152108862,379.54165217453726,1.0,23,19.0,0.0,1.0,0.0,0.0,0.0
169,1.919638113420053,763.0929986230379,553.1349692755126,1.0,23,22.0,0.0,1.0,0.0,0.0,0.0
170,2.2028888387234495,910.0987309745524,754.8104806435928,1.0,23,25.0,0.0,1.0,0.0,0.0,0.0
171,0.5916727311824843,11.318367679063801,24.91650560485069,1.0,26,1.0,0.0,1.0,0.0,0.0,0.0
172,0.7126109968618748,52.482749095256366,54.778170271441134,1.0,26,4.0,0.0,1.0,0.0,0.0,0.0
173,1.3851475470966372,100.68055979258683,84.33432673835149,1.0,26,7.0,0.0,1.0,0.0,0.0,0.0
174,1.3136221324046466,175.26490124227396,131.8450168484301,1.0,26,10.0,0.0,1.0,0.0,0.0,0.0
175,1.7450734058687127,294.83995436229026,205.4958048753291,1.0,26,13.0,0.0,1.0,0.0,0.0,0.0
176,1.7980644620372586,404.2597349352944,274.8614989515362,1.0,26,16.0,0.0,1.0,0.0,0.0,0.0
177,1.9012547258027448,512.8791607476887,348.1097052038783,1.0,26,19.0,0.0,1.0,0.0,0.0,0.0
178,1.9351099629133872,756.1001272669644,535.1597951108822,1.0,26,22.0,0.0,1.0,0.0,0.0,0.0
179,2.36536632961224,853.0892325634087,687.625953214272,1.0,26,25.0,0.0,1.0,0.0,0.0,0.0
180,0.38213407486092077,11.325778047241375,24.472493556127333,1.0,29,1.0,0.0,1.0,0.0,0.0,0.0
181,0.769874117373404,52.41994366553003,53.09137903415594,1.0,29,4.0,0.0,1.0,0.0,0.0,0.0
182,0.7724231463713778,96.5225772801652,75.42499927563219,1.0,29,7.0,0.0,1.0,0.0,0.0,0.0
183,1.1093968503251315,177.06171592580637,118.6769958740021,1.0,29,10.0,0.0,1.0,0.0,0.0,0.0
184,1.7413580094124899,296.47009534385114,198.77329603799046,1.0,29,13.0,0.0,1.0,0.0,0.0,0.0
185,1.9283911623941814,412.64496391039,281.5717461695008,1.0,29,16.0,0.0,1.0,0.0,0.0,0.0
186,1.6184411349805006,519.2444130230646,340.5340922367634,1.0,29,19.0,0.0,1.0,0.0,0.0,0.0
187,1.9376804300484853,745.7404960400072,517.5684136516271,1.0,29,22.0,0.0,1.0,0.0,0.0,0.0
188,1.988184221742817,860.73681427957,659.7967202256003,1.0,29,25.0,0.0,1.0,0.0,0.0,0.0
189,0.43486357854095314,10.668924338503505,23.807001688774424,1.0,32,1.0,0.0,1.0,0.0,0.0,0.0
190,0.7163115721724431,52.30807934195832,53.90889112539688,1.0,32,4.0,0.0,1.0,0.0,0.0,0.0
191,0.9328048467785578,100.09384518516504,77.03914154057374,1.0,32,7.0,0.0,1.0,0.0,0.0,0.0
192,1.3185367907695345,176.36870963937457,127.99056710961845,1.0,32,10.0,0.0,1.0,0.0,0.0,0.0
193,1.7349042039262887,288.23534427585463,185.25854630623698,1.0,32,13.0,0.0,1.0,0.0,0.0,0.0
194,1.649109700419668,400.5616419317475,258.32627538828194,1.0,32,16.0,0.0,1.0,0.0,0.0,0.0
195,1.3439235594316725,507.38741666768226,305.1581998633736,1.0,32,19.0,0.0,1.0,0.0,0.0,0.0
196,1.4235714954635599,742.1165095089494,456.64907496835895,1.0,32,22.0,0.0,1.0,0.0,0.0,0.0
197,1.9085350270301311,850.5385516971602,618.7219123688627,1.0,32,25.0,0.0,1.0,0.0,0.0,0.0
198,1.6827899667743587,15.824654752203779,43.793418637858544,1.0,2,1.0,0.0,0.0,1.0,0.0,0.0
199,2.5205768823061008,84.43664444365598,136.89110932382363,1.0,2,4.0,0.0,0.0,1.0,0.0,0.0
200,2.884860168728971,152.58310137586113,227.00702766613142,1.0,2,7.0,0.0,0.0,1.0,0.0,0.0
201,2.6091536694272635,258.1478008934087,360.42313475632113,1.0,2,10.0,0.0,0.0,1.0,0.0,0.0
202,3.350317058278818,472.2934197017359,698.3646423609916,1.0,2,13.0,0.0,0.0,1.0,0.0,0.0
203,4.644167105446839,712.8156393860459,1143.9424992017575,1.0,2,16.0,0.0,0.0,1.0,0.0,0.0
204,4.935957814334293,985.0290477421531,1782.982230787825,1.0,2,19.0,0.0,0.0,1.0,0.0,0.0
205,3.9889632453681414,1729.0573596595968,2963.9482165670806,1.0,2,22.0,0.0,0.0,1.0,0.0,0.0
206,5.163564244164763,2441.7911706462014,4850.707481642059,1.0,2,25.0,0.0,0.0,1.0,0.0,0.0
207,1.8560552718638057,16.515289799553994,36.43740131075706,1.0,5,1.0,0.0,0.0,1.0,0.0,0.0
208,1.3593254141894096,77.56207626957558,86.48023071603454,1.0,5,4.0,0.0,0.0,1.0,0.0,0.0
209,1.6404637965023017,139.07293706561578,138.85388849240545,1.0,5,7.0,0.0,0.0,1.0,0.0,0.0
210,1.9250995682308931,239.15446664438647,212.9883817148298,1.0,5,10.0,0.0,0.0,1.0,0.0,0.0
211,2.3416732333396917,413.5955290344731,385.8838810502722,1.0,5,13.0,0.0,0.0,1.0,0.0,0.0
212,2.482665405747935,635.9951677459163,635.8374419770421,1.0,5,16.0,0.0,0.0,1.0,0.0,0.0
213,3.0253905321292542,902.2043536681144,954.6023115386417,1.0,5,19.0,0.0,0.0,1.0,0.0,0.0
214,2.7914021927794366,1529.1581757268114,1522.817763038375,1.0,5,22.0,0.0,0.0,1.0,0.0,0.0
215,3.0320187454485557,2254.1189816596057,2449.453190230883,1.0,5,25.0,0.0,0.0,1.0,0.0,0.0
216,1.5859341535699105,16.2819723101118,32.30243006581464,1.0,8,1.0,0.0,0.0,1.0,0.0,0.0
217,1.0079170589398025,74.71803224755239,79.09477558529562,1.0,8,4.0,0.0,0.0,1.0,0.0,0.0
218,1.819054044196531,133.80134006372916,125.5282120674612,1.0,8,7.0,0.0,0.0,1.0,0.0,0.0
219,1.9406826179761647,227.3277131573105,174.3950561571601,1.0,8,10.0,0.0,0.0,1.0,0.0,0.0
220,1.7087229083993911,405.1878619179185,312.4086960320971,1.0,8,13.0,0.0,0.0,1.0,0.0,0.0
221,2.3622027505322007,589.5798683019225,497.13433306340056,1.0,8,16.0,0.0,0.0,1.0,0.0,0.0
222,2.307965537543649,823.0209330587594,700.0016952261902,1.0,8,19.0,0.0,0.0,1.0,0.0,0.0
223,2.1573120791201483,1419.5829307015972,1127.3958076670986,1.0,8,22.0,0.0,0.0,1.0,0.0,0.0
224,2.332253561183127,1995.4699061989713,1644.693014738119,1.0,8,25.0,0.0,0.0,1.0,0.0,0.0
225,1.0033635942816777,15.365920149752077,28.36954026213405,1.0,11,1.0,0.0,0.0,1.0,0.0,0.0
226,0.9958562212399148,74.13409807678192,75.05273250879478,1.0,11,4.0,0.0,0.0,1.0,0.0,0.0
227,1.5604872019955887,135.0134243398849,118.3274815334804,1.0,11,7.0,0.0,0.0,1.0,0.0,0.0
228,1.7950974883289472,221.7863784799603,154.36504746348965,1.0,11,10.0,0.0,0.0,1.0,0.0,0.0
229,1.9145876625860259,386.4187604571626,277.5952363969135,1.0,11,13.0,0.0,0.0,1.0,0.0,0.0
230,2.0867809374853734,579.6300278014592,432.36590186604957,1.0,11,16.0,0.0,0.0,1.0,0.0,0.0
231,2.0867141975691625,791.8448070116102,575.8571727001705,1.0,11,19.0,0.0,0.0,1.0,0.0,0.0
232,1.6484689300098698,1326.5081258304865,890.0746253152486,1.0,11,22.0,0.0,0.0,1.0,0.0,0.0
233,2.3802321324333238,1957.5864811298488,1450.1146125276564,1.0,11,25.0,0.0,0.0,1.0,0.0,0.0
234,1.2409519857278286,14.702872332298432,28.450417613933475,1.0,14,1.0,0.0,0.0,1.0,0.0,0.0
235,0.9465031703045553,71.89217577048751,73.99823430585406,1.0,14,4.0,0.0,0.0,1.0,0.0,0.0
236,1.4690066693937514,132.78065364318243,107.60780129438788,1.0,14,7.0,0.0,0.0,1.0,0.0,0.0
237,1.5642200598408809,218.21233446573135,142.8315031109795,1.0,14,10.0,0.0,0.0,1.0,0.0,0.0
238,1.7386547712214304,385.4141323256123,255.30886304959134,1.0,14,13.0,0.0,0.0,1.0,0.0,0.0
239,1.7953022306948783,555.9232055579434,376.9823699635604,1.0,14,16.0,0.0,0.0,1.0,0.0,0.0
240,1.7002761382357363,740.0419957400428,489.0421422200939,1.0,14,19.0,0.0,0.0,1.0,0.0,0.0
241,1.6504213708607858,1318.4457966111543,816.9408989919539,1.0,14,22.0,0.0,0.0,1.0,0.0,0.0
242,1.8326322717226913,1884.5443159692115,1155.3523179054966,1.0,14,25.0,0.0,0.0,1.0,0.0,0.0
243,1.0929852316251707,14.808560504774109,28.600444798190953,1.0,17,1.0,0.0,0.0,1.0,0.0,0.0
244,0.8166804000181963,70.56555416643565,71.0395121454032,1.0,17,4.0,0.0,0.0,1.0,0.0,0.0
245,1.403149527298094,128.75515883873717,103.51537028466115,1.0,17,7.0,0.0,0.0,1.0,0.0,0.0
246,1.6219735214329063,212.52338762895585,134.66956381832418,1.0,17,10.0,0.0,0.0,1.0,0.0,0.0
247,1.7506941177495547,381.8322383890079,244.18326253523674,1.0,17,13.0,0.0,0.0,1.0,0.0,0.0
248,1.6911681831319096,544.1431508161912,353.35488714047233,1.0,17,16.0,0.0,0.0,1.0,0.0,0.0
249,1.7554694133494915,762.7657762018002,500.40833580619875,1.0,17,19.0,0.0,0.0,1.0,0.0,0.0
250,1.4924473436569157,1273.8779255644006,732.0613201286603,1.0,17,22.0,0.0,0.0,1.0,0.0,0.0
251,1.6785957878153983,1822.739697889084,1031.297874067201,1.0,17,25.0,0.0,0.0,1.0,0.0,0.0
252,0.8684465969397387,14.425882830749018,27.04917718142648,1.0,20,1.0,0.0,0.0,1.0,0.0,0.0
253,1.032819133901088,73.1718249901625,73.19777016901942,1.0,20,4.0,0.0,0.0,1.0,0.0,0.0
254,1.3532648725654546,128.89502408093745,104.51935941672873,1.0,20,7.0,0.0,0.0,1.0,0.0,0.0
255,1.608585418886163,218.6520913906973,128.86273660931872,1.0,20,10.0,0.0,0.0,1.0,0.0,0.0
256,1.7580286377944545,378.8399109765814,229.9000231564408,1.0,20,13.0,0.0,0.0,1.0,0.0,0.0
257,1.3391912748920782,543.6212501715963,330.14559570032856,1.0,20,16.0,0.0,0.0,1.0,0.0,0.0
258,1.6741601820670704,759.0836439799215,476.9602456366238,1.0,20,19.0,0.0,0.0,1.0,0.0,0.0
259,2.0365314888897497,1274.1052792065464,743.5113525683919,1.0,20,22.0,0.0,0.0,1.0,0.0,0.0
260,1.8424687816027343,1844.2091668139385,1003.5900300901355,1.0,20,25.0,0.0,0.0,1.0,0.0,0.0
261,1.1635384980461876,15.159088928593096,27.465004450527346,1.0,23,1.0,0.0,0.0,1.0,0.0,0.0
262,0.8465238711563495,72.2275411814006,70.49241595420862,1.0,23,4.0,0.0,0.0,1.0,0.0,0.0
263,1.343273686744729,125.65079458798984,100.93168529585147,1.0,23,7.0,0.0,0.0,1.0,0.0,0.0
264,1.5248539667145613,217.03449669066094,126.00294406660207,1.0,23,10.0,0.0,0.0,1.0,0.0,0.0
265,1.638810831339075,361.71461972647836,212.89286750994282,1.0,23,13.0,0.0,0.0,1.0,0.0,0.0
266,1.138189885700933,543.9144907490947,313.8093589295332,1.0,23,16.0,0.0,0.0,1.0,0.0,0.0
267,1.36982678772803,735.6109731249904,427.87780858847464,1.0,23,19.0,0.0,0.0,1.0,0.0,0.0
268,1.6272759498400848,1253.1253173334044,676.5699620492843,1.0,23,22.0,0.0,0.0,1.0,0.0,0.0
269,1.6274332461114103,1790.4804552692035,899.9379223143338,1.0,23,25.0,0.0,0.0,1.0,0.0,0.0
270,0.9000996469013219,14.798353715455166,26.01990256455227,1.0,26,1.0,0.0,0.0,1.0,0.0,0.0
271,0.7709601390828895,72.67518393292855,69.31957514232589,1.0,26,4.0,0.0,0.0,1.0,0.0,0.0
272,1.3608010175085061,126.8583976455183,101.13480089525476,1.0,26,7.0,0.0,0.0,1.0,0.0,0.0
273,1.2115686322274493,212.7983347416353,113.86539917698686,1.0,26,10.0,0.0,0.0,1.0,0.0,0.0
274,1.7957005766035972,368.6715881745475,214.03217195236758,1.0,26,13.0,0.0,0.0,1.0,0.0,0.0
275,1.3037541498555174,540.3330411794007,316.3821471677066,1.0,26,16.0,0.0,0.0,1.0,0.0,0.0
276,1.362710454070511,730.1846006766515,423.53024593331907,1.0,26,19.0,0.0,0.0,1.0,0.0,0.0
277,1.6277976273500372,1237.175258608677,639.6922889280781,1.0,26,22.0,0.0,0.0,1.0,0.0,0.0
278,1.8664728014572243,1805.8379208728009,907.6002492171083,1.0,26,25.0,0.0,0.0,1.0,0.0,0.0
279,0.8467003710331676,14.346767621399625,25.40748886577754,1.0,29,1.0,0.0,0.0,1.0,0.0,0.0
280,0.7197904310912252,69.96605839982455,69.00381406295666,1.0,29,4.0,0.0,0.0,1.0,0.0,0.0
281,1.2757878309022188,129.8110636310652,100.83425882811923,1.0,29,7.0,0.0,0.0,1.0,0.0,0.0
282,1.3075839870656285,208.30399661701696,114.4022831414261,1.0,29,10.0,0.0,0.0,1.0,0.0,0.0
283,1.4773130691500196,359.4337258581783,203.84748293874716,1.0,29,13.0,0.0,0.0,1.0,0.0,0.0
284,1.396165487516335,529.9084671539035,313.8347558239639,1.0,29,16.0,0.0,0.0,1.0,0.0,0.0
285,1.2813455607043445,725.0376322575183,409.0372428749863,1.0,29,19.0,0.0,0.0,1.0,0.0,0.0
286,1.6876822841907089,1216.182042375041,619.1518145704331,1.0,29,22.0,0.0,0.0,1.0,0.0,0.0
287,1.4264615127407276,1772.4927167082662,791.7544236951069,1.0,29,25.0,0.0,0.0,1.0,0.0,0.0
288,0.9219515813587098,15.580987518204541,26.22841335531726,1.0,32,1.0,0.0,0.0,1.0,0.0,0.0
289,0.6736942608758337,67.15547445739031,65.55853710746337,1.0,32,4.0,0.0,0.0,1.0,0.0,0.0
290,1.3594157599289587,130.7493013938694,101.81190696664008,1.0,32,7.0,0.0,0.0,1.0,0.0,0.0
291,1.1927999506017293,212.45230535859318,109.39246063848529,1.0,32,10.0,0.0,0.0,1.0,0.0,0.0
292,1.2325364608568667,359.1551357322059,188.6645192011169,1.0,32,13.0,0.0,0.0,1.0,0.0,0.0
293,1.1667178697597917,531.5379586178132,294.6751358076648,1.0,32,16.0,0.0,0.0,1.0,0.0,0.0
294,1.1852484562912582,726.1401784786526,391.84427926064734,1.0,32,19.0,0.0,0.0,1.0,0.0,0.0
295,1.441271771264003,1231.0766963376304,603.2008901301621,1.0,32,22.0,0.0,0.0,1.0,0.0,0.0
296,1.5312253217543343,1800.2701636531742,812.8489271003816,1.0,32,25.0,0.0,0.0,1.0,0.0,0.0
297,1.9238541967809224,17.140850969983095,44.50953179889116,1.0,2,1.0,0.0,0.0,0.0,1.0,0.0
298,2.355817198250966,81.2743828323411,131.12643185840736,1.0,2,4.0,0.0,0.0,0.0,1.0,0.0
299,2.5215497301817535,153.04122981181035,221.21037954543277,1.0,2,7.0,0.0,0.0,0.0,1.0,0.0
300,2.7164192725033685,273.7838260403815,379.3455899976928,1.0,2,10.0,0.0,0.0,0.0,1.0,0.0
301,3.716103176635994,476.2756057827873,721.7951481576731,1.0,2,13.0,0.0,0.0,0.0,1.0,0.0
302,3.768320982115529,682.723819620722,1084.924766319296,1.0,2,16.0,0.0,0.0,0.0,1.0,0.0
303,3.844779442122477,930.9591588645839,1501.5677077752412,1.0,2,19.0,0.0,0.0,0.0,1.0,0.0
304,4.9326211557818445,1859.3103024860618,3396.4101120187015,1.0,2,22.0,0.0,0.0,0.0,1.0,0.0
305,4.32505263973288,2551.4590688492067,4740.6496210727,1.0,2,25.0,0.0,0.0,0.0,1.0,0.0
306,1.1121748349296776,15.64619572801038,32.22234215197366,1.0,5,1.0,0.0,0.0,0.0,1.0,0.0
307,1.528458917103518,79.02098439632364,92.04145656803679,1.0,5,4.0,0.0,0.0,0.0,1.0,0.0
308,1.9036884767270805,153.12323004751727,152.3704667725545,1.0,5,7.0,0.0,0.0,0.0,1.0,0.0
309,2.296660754338903,263.14904255545,239.95419209827634,1.0,5,10.0,0.0,0.0,0.0,1.0,0.0
310,2.0548728709256565,471.16179077563453,419.84368374041094,1.0,5,13.0,0.0,0.0,0.0,1.0,0.0
311,2.5412219718229685,717.7566371174212,671.4451429670636,1.0,5,16.0,0.0,0.0,0.0,1.0,0.0
312,2.286528375954917,981.1125765122308,908.5928301739668,1.0,5,19.0,0.0,0.0,0.0,1.0,0.0
313,2.912806126974759,1770.0506102506715,1793.136691975519,1.0,5,22.0,0.0,0.0,0.0,1.0,0.0
314,3.023427421361982,2523.01064989612,2610.473258434895,1.0,5,25.0,0.0,0.0,0.0,1.0,0.0
315,1.4925719258214913,15.459411240176674,32.328252249401615,1.0,8,1.0,0.0,0.0,0.0,1.0,0.0
316,1.2199507961550131,81.7884600861161,81.16375409581102,1.0,8,4.0,0.0,0.0,0.0,1.0,0.0
317,1.5235290972838706,149.43256233944655,125.87182976526768,1.0,8,7.0,0.0,0.0,0.0,1.0,0.0
318,1.9495893742811372,266.4468278755615,205.79746626806596,1.0,8,10.0,0.0,0.0,0.0,1.0,0.0
319,2.432975852721283,485.9371797675044,396.1904329796353,1.0,8,13.0,0.0,0.0,0.0,1.0,0.0
320,2.4769929450459416,699.0633296027248,568.7321109014666,1.0,8,16.0,0.0,0.0,0.0,1.0,0.0
321,2.0701204805383018,991.0799174491548,779.3057801217988,1.0,8,19.0,0.0,0.0,0.0,1.0,0.0
322,2.1807243902305435,1786.9996000709593,1454.2307857658584,1.0,8,22.0,0.0,0.0,0.0,1.0,0.0
323,2.1030894771890556,2600.2144523205848,1964.866147972264,1.0,8,25.0,0.0,0.0,0.0,1.0,0.0
324,1.5738079948138124,17.203763856851655,31.154669259165725,1.0,11,1.0,0.0,0.0,0.0,1.0,0.0
325,1.105852543874352,82.08190833835889,76.39560933596209,1.0,11,4.0,0.0,0.0,0.0,1.0,0.0
326,1.8667232251706205,145.66371453785464,119.94940375021594,1.0,11,7.0,0.0,0.0,0.0,1.0,0.0
327,1.8827467300822673,269.0338269474459,179.9191564069518,1.0,11,10.0,0.0,0.0,0.0,1.0,0.0
328,2.0046668663376295,485.81533737293,343.6883625388397,1.0,11,13.0,0.0,0.0,0.0,1.0,0.0
329,2.079070887997492,703.4125507155823,491.01981011432997,1.0,11,16.0,0.0,0.0,0.0,1.0,0.0
330,1.7307231562986458,977.1598217039846,656.9569469537012,1.0,11,19.0,0.0,0.0,0.0,1.0,0.0
331,2.040790607256679,1788.0683421629253,1196.3848058368123,1.0,11,22.0,0.0,0.0,0.0,1.0,0.0
332,1.9341426221384554,2608.0359654344525,1803.2967787703221,1.0,11,25.0,0.0,0.0,0.0,1.0,0.0
333,2.1952499706240123,17.289314110089567,34.0137043127084,1.0,14,1.0,0.0,0.0,0.0,1.0,0.0
334,1.119377572235141,80.24713037333477,74.34204075017104,1.0,14,4.0,0.0,0.0,0.0,1.0,0.0
335,1.5358710776111797,148.31094452491587,109.40341656230927,1.0,14,7.0,0.0,0.0,0.0,1.0,0.0
336,1.5188012919585874,261.9855524961616,156.8104716402186,1.0,14,10.0,0.0,0.0,0.0,1.0,0.0
337,2.132632019718459,472.60210324209993,315.46562679743965,1.0,14,13.0,0.0,0.0,0.0,1.0,0.0
338,2.042586842204089,724.9772771530734,481.6488963326595,1.0,14,16.0,0.0,0.0,0.0,1.0,0.0
339,1.6116000170037021,990.8960969559412,589.7769764209594,1.0,14,19.0,0.0,0.0,0.0,1.0,0.0
340,2.0357473008714284,1758.0371406319057,1081.2723903496922,1.0,14,22.0,0.0,0.0,0.0,1.0,0.0
341,1.9714987464142446,2568.059928949798,1563.0106017119213,1.0,14,25.0,0.0,0.0,0.0,1.0,0.0
342,1.4903126668193118,16.794067871172548,29.888341962670495,1.0,17,1.0,0.0,0.0,0.0,1.0,0.0
343,0.9026405773416287,81.18872656732489,73.88863530440219,1.0,17,4.0,0.0,0.0,0.0,1.0,0.0
344,1.5576167098452096,152.10372697789748,108.90285410166848,1.0,17,7.0,0.0,0.0,0.0,1.0,0.0
345,1.619409316939967,270.6769683493026,158.73303820124482,1.0,17,10.0,0.0,0.0,0.0,1.0,0.0
346,2.3226299395502403,483.1160897445713,327.1345750058067,1.0,17,13.0,0.0,0.0,0.0,1.0,0.0
347,1.883073663505683,724.909001684056,444.84144219152944,1.0,17,16.0,0.0,0.0,0.0,1.0,0.0
348,1.5193507379075537,1036.7769296189986,603.6807086638653,1.0,17,19.0,0.0,0.0,0.0,1.0,0.0
349,1.7166821843615474,1817.9421649966353,1020.7597802337281,1.0,17,22.0,0.0,0.0,0.0,1.0,0.0
350,1.7890652973983867,2668.5129676836223,1494.0135698677036,1.0,17,25.0,0.0,0.0,0.0,1.0,0.0
351,1.773147630937056,16.288984000501497,31.113828414897743,1.0,20,1.0,0.0,0.0,0.0,1.0,0.0
352,0.899665689947585,82.69416024618222,72.83556312531826,1.0,20,4.0,0.0,0.0,0.0,1.0,0.0
353,1.433381350748665,151.45389936543907,107.09629237979502,1.0,20,7.0,0.0,0.0,0.0,1.0,0.0
354,1.5326289844699712,263.76795416172604,147.308621059327,1.0,20,10.0,0.0,0.0,0.0,1.0,0.0
355,1.7972783882591776,488.3817423953378,291.253216066457,1.0,20,13.0,0.0,0.0,0.0,1.0,0.0
356,1.4673047332271312,709.9034022914358,400.70794569822885,1.0,20,16.0,0.0,0.0,0.0,1.0,0.0
357,1.6546841603366962,1028.9869161921276,582.3635894115247,1.0,20,19.0,0.0,0.0,0.0,1.0,0.0
358,1.657443505767902,1810.4592270292635,977.9560883755631,1.0,20,22.0,0.0,0.0,0.0,1.0,0.0
359,1.4608711329395316,2674.072166287426,1347.6260537989785,1.0,20,25.0,0.0,0.0,0.0,1.0,0.0
360,1.6775701246508663,16.14636596418638,31.04216757250847,1.0,23,1.0,0.0,0.0,0.0,1.0,0.0
361,0.9754586069869383,82.8709412539854,72.72036624765313,1.0,23,4.0,0.0,0.0,0.0,1.0,0.0
362,1.4648400421265266,150.02305163576622,101.05661661642075,1.0,23,7.0,0.0,0.0,0.0,1.0,0.0
363,1.6784526471181151,268.9458636037151,140.98228156163424,1.0,23,10.0,0.0,0.0,0.0,1.0,0.0
364,1.5718219487463214,488.7984653475103,287.509773454632,1.0,23,13.0,0.0,0.0,0.0,1.0,0.0
365,1.8157574152569922,706.3646279063572,401.77797814217735,1.0,23,16.0,0.0,0.0,0.0,1.0,0.0
366,1.435618419130396,1003.7537957107237,540.0725563898186,1.0,23,19.0,0.0,0.0,0.0,1.0,0.0
367,1.3446299364513234,1868.2883204836733,941.7277015036019,1.0,23,22.0,0.0,0.0,0.0,1.0,0.0
368,1.784437965236495,2651.6564407312653,1292.5403417451269,1.0,23,25.0,0.0,0.0,0.0,1.0,0.0
369,1.8284451979749967,17.329524799912726,30.082804234301832,1.0,26,1.0,0.0,0.0,0.0,1.0,0.0
370,0.8977019737951367,81.36947312588975,71.99347247335653,1.0,26,4.0,0.0,0.0,0.0,1.0,0.0
371,1.4306591156742763,152.3094823467116,101.92451857276161,1.0,26,7.0,0.0,0.0,0.0,1.0,0.0
372,1.6172836743780468,270.3261542449036,141.22444679516465,1.0,26,10.0,0.0,0.0,0.0,1.0,0.0
373,1.4439386532795695,494.37251832379155,269.5555101373825,1.0,26,13.0,0.0,0.0,0.0,1.0,0.0
374,1.4124334930628804,725.0870083281038,385.68079514884096,1.0,26,16.0,0.0,0.0,0.0,1.0,0.0
375,1.3786111828651513,1010.9691810144077,532.0280734193641,1.0,26,19.0,0.0,0.0,0.0,1.0,0.0
376,1.3736539314396217,1874.1451912066445,911.0493920467987,1.0,26,22.0,0.0,0.0,0.0,1.0,0.0
377,1.2324474607968987,2719.096046347178,1254.1210862505973,1.0,26,25.0,0.0,0.0,0.0,1.0,0.0
378,1.8295916873264184,16.812463202104993,30.831330317250963,1.0,29,1.0,0.0,0.0,0.0,1.0,0.0
379,0.8190287365261223,80.51072311727042,68.72860516574585,1.0,29,4.0,0.0,0.0,0.0,1.0,0.0
380,1.4063597004984625,154.01594590658343,104.08378213149483,1.0,29,7.0,0.0,0.0,0.0,1.0,0.0
381,1.4950793403618046,268.6555695458347,136.3004195936964,1.0,29,10.0,0.0,0.0,0.0,1.0,0.0
382,1.8486536979460062,495.11353078910776,281.05372774706996,1.0,29,13.0,0.0,0.0,0.0,1.0,0.0
383,1.379116831149755,726.0944490624066,381.39210037968394,1.0,29,16.0,0.0,0.0,0.0,1.0,0.0
384,1.3198972161615727,1009.8324388735255,505.32649293866325,1.0,29,19.0,0.0,0.0,0.0,1.0,0.0
385,1.5815702381471373,1881.7808134278198,893.0927544261201,1.0,29,22.0,0.0,0.0,0.0,1.0,0.0
386,1.404826290537967,2724.904254501555,1161.2671254182899,1.0,29,25.0,0.0,0.0,0.0,1.0,0.0
387,1.84346231825736,17.011227101719683,31.11279983838358,1.0,32,1.0,0.0,0.0,0.0,1.0,0.0
388,0.6243257611908818,83.51333605077792,67.76046036156269,1.0,32,4.0,0.0,0.0,0.0,1.0,0.0
389,1.5856230781740401,156.20266866335263,105.16839444664701,1.0,32,7.0,0.0,0.0,0.0,1.0,0.0
390,1.3444023237340834,265.30618809601896,128.8633767018172,1.0,32,10.0,0.0,0.0,0.0,1.0,0.0
391,1.7566623075748158,498.810648189031,276.7597604956468,1.0,32,13.0,0.0,0.0,0.0,1.0,0.0
392,1.2961255026643388,721.3846042416496,358.9600792282868,1.0,32,16.0,0.0,0.0,0.0,1.0,0.0
393,1.115101910432469,1013.4128459230513,480.12929951355466,1.0,32,19.0,0.0,0.0,0.0,1.0,0.0
394,1.2018408223585269,1884.5305531142292,828.0150284471442,1.0,32,22.0,0.0,0.0,0.0,1.0,0.0
395,1.2702003956405932,2727.240586008389,1118.5946308663902,1.0,32,25.0,0.0,0.0,0.0,1.0,0.0
396,2.036156191115306,16.57450347164067,51.06844507981033,1.0,2,1.0,0.0,0.0,0.0,0.0,1.0
397,2.257592401396037,84.67180476808842,142.59604328626432,1.0,2,4.0,0.0,0.0,0.0,0.0,1.0
398,3.434656501401114,153.2640187574404,270.3084747576201,1.0,2,7.0,0.0,0.0,0.0,0.0,1.0
399,3.9273514229085715,294.7010394901576,493.8426769874653,1.0,2,10.0,0.0,0.0,0.0,0.0,1.0
400,4.265544454336702,475.39112198021144,801.645164223607,1.0,2,13.0,0.0,0.0,0.0,0.0,1.0
401,5.283464454930343,845.2470696139593,1729.2530330959821,1.0,2,16.0,0.0,0.0,0.0,0.0,1.0
402,5.560498752988009,1062.9726236667452,2212.4947386141794,1.0,2,19.0,0.0,0.0,0.0,0.0,1.0
403,6.189787556016559,2031.8993162849156,4652.712393307684,1.0,2,22.0,0.0,0.0,0.0,0.0,1.0
404,6.050045537781274,3211.190706388674,8161.648685361095,1.0,2,25.0,0.0,0.0,0.0,0.0,1.0
405,1.9259487589242716,17.502433159770383,41.31227881985964,1.0,5,1.0,0.0,0.0,0.0,0.0,1.0
406,1.7794155785477335,85.74006089259002,109.0628698798327,1.0,5,4.0,0.0,0.0,0.0,0.0,1.0
407,2.0969633272865043,172.62507968451325,193.90014555181236,1.0,5,7.0,0.0,0.0,0.0,0.0,1.0
408,2.8108228098406687,314.2340345296146,354.9504793480519,1.0,5,10.0,0.0,0.0,0.0,0.0,1.0
409,2.963218294575779,551.4516285058845,654.380669317907,1.0,5,13.0,0.0,0.0,0.0,0.0,1.0
410,3.4310275594693156,876.615450772594,1131.887109532667,1.0,5,16.0,0.0,0.0,0.0,0.0,1.0
411,3.0152396605260674,1147.2034831900553,1334.473764123356,1.0,5,19.0,0.0,0.0,0.0,0.0,1.0
412,3.93405822379172,2120.866402840842,2783.977852688674,1.0,5,22.0,0.0,0.0,0.0,0.0,1.0
413,3.5618271425165147,3244.8063056367673,4485.747848832971,1.0,5,25.0,0.0,0.0,0.0,0.0,1.0
414,2.1662090618688703,19.25253725283241,39.96276002751607,1.0,8,1.0,0.0,0.0,0.0,0.0,1.0
415,2.0152693226494574,88.50194634238761,103.07077863914589,1.0,8,4.0,0.0,0.0,0.0,0.0,1.0
416,2.274039532593204,172.4065487927056,167.90221605970999,1.0,8,7.0,0.0,0.0,0.0,0.0,1.0
417,2.2030775076967597,311.91286332311796,277.7651761176463,1.0,8,10.0,0.0,0.0,0.0,0.0,1.0
418,3.333358130147656,571.5748981070361,564.1866450799495,1.0,8,13.0,0.0,0.0,0.0,0.0,1.0
419,2.880812674893718,846.921072590342,824.8481425643524,1.0,8,16.0,0.0,0.0,0.0,0.0,1.0
420,2.3193466079980776,1213.7718544528902,1131.5374803688803,1.0,8,19.0,0.0,0.0,0.0,0.0,1.0
421,3.146690794986892,2257.59797820876,2431.0684240647097,1.0,8,22.0,0.0,0.0,0.0,0.0,1.0
422,3.1205194888938705,3384.338900862858,3683.219415625511,1.0,8,25.0,0.0,0.0,0.0,0.0,1.0
423,1.9594963710993163,18.283641807197693,35.675021290372754,1.0,11,1.0,0.0,0.0,0.0,0.0,1.0
424,1.519295407931286,93.93365911486815,95.31782840130741,1.0,11,4.0,0.0,0.0,0.0,0.0,1.0
425,1.9624367065349915,172.0827706563217,154.32964315379675,1.0,11,7.0,0.0,0.0,0.0,0.0,1.0
426,2.2325359771361803,308.16031342004544,239.0641273497073,1.0,11,10.0,0.0,0.0,0.0,0.0,1.0
427,2.449224314654688,561.1275431440276,476.5223932802099,1.0,11,13.0,0.0,0.0,0.0,0.0,1.0
428,2.417740696883199,843.4295976596941,702.386640033805,1.0,11,16.0,0.0,0.0,0.0,0.0,1.0
429,2.711116534935578,1233.718068674432,1074.0537503796936,1.0,11,19.0,0.0,0.0,0.0,0.0,1.0
430,2.417040027518274,2248.5814988604334,1885.2647333852199,1.0,11,22.0,0.0,0.0,0.0,0.0,1.0
431,2.3640892092023083,3396.0566789357026,2959.4051133589965,1.0,11,25.0,0.0,0.0,0.0,0.0,1.0
432,2.211242430925874,19.39270067386683,38.41695725100689,1.0,14,1.0,0.0,0.0,0.0,0.0,1.0
433,1.2942125725793996,89.53490367422143,86.81387023709318,1.0,14,4.0,0.0,0.0,0.0,0.0,1.0
434,1.7773297855008436,175.93577162340122,138.12686420907352,1.0,14,7.0,0.0,0.0,0.0,0.0,1.0
435,1.7246542067175143,307.03317826874104,219.15248495630735,1.0,14,10.0,0.0,0.0,0.0,0.0,1.0
436,2.641978321077065,593.2810322637905,489.04233029672514,1.0,14,13.0,0.0,0.0,0.0,0.0,1.0
437,2.0222493199944145,843.821149816252,617.1519225312892,1.0,14,16.0,0.0,0.0,0.0,0.0,1.0
438,1.8395243864573787,1262.2368895250843,894.5526308719134,1.0,14,19.0,0.0,0.0,0.0,0.0,1.0
439,2.226740454041032,2282.344505595564,1756.5260110111556,1.0,14,22.0,0.0,0.0,0.0,0.0,1.0
440,2.3275403873939413,3313.317129404314,2595.9437497913054,1.0,14,25.0,0.0,0.0,0.0,0.0,1.0
441,2.3544912696324225,19.404378315872172,37.98804625420531,1.0,17,1.0,0.0,0.0,0.0,0.0,1.0
442,1.4952419332522533,89.88048869251172,88.45722554821525,1.0,17,4.0,0.0,0.0,0.0,0.0,1.0
443,1.8154593594969142,167.2926860997144,129.08715309692468,1.0,17,7.0,0.0,0.0,0.0,0.0,1.0
444,1.9729719610635232,319.1939166118362,217.8953269890196,1.0,17,10.0,0.0,0.0,0.0,0.0,1.0
445,2.024892999751883,564.3582514724645,391.36969992144776,1.0,17,13.0,0.0,0.0,0.0,0.0,1.0
446,1.9899401850480862,861.985201558605,598.159125023197,1.0,17,16.0,0.0,0.0,0.0,0.0,1.0
447,2.0197962119962045,1244.638320266278,853.3770324397445,1.0,17,19.0,0.0,0.0,0.0,0.0,1.0
448,2.0845329416443756,2330.240330543014,1651.845172885456,1.0,17,22.0,0.0,0.0,0.0,0.0,1.0
449,2.0670804698552776,3288.923188789664,2307.8614228923875,1.0,17,25.0,0.0,0.0,0.0,0.0,1.0
450,2.1178119370324278,19.42451490919885,36.28780383834687,1.0,20,1.0,0.0,0.0,0.0,0.0,1.0
451,1.1701491111868592,88.22211418087382,82.36344800479729,1.0,20,4.0,0.0,0.0,0.0,0.0,1.0
452,1.8147549826043174,176.6915995776374,130.87017172105843,1.0,20,7.0,0.0,0.0,0.0,0.0,1.0
453,1.622422555196001,302.3791119689215,186.44347076325434,1.0,20,10.0,0.0,0.0,0.0,0.0,1.0
454,1.6721475019300527,562.2590197446589,369.11444650990103,1.0,20,13.0,0.0,0.0,0.0,0.0,1.0
455,1.7433232836998005,863.4455145685225,547.8109265473207,1.0,20,16.0,0.0,0.0,0.0,0.0,1.0
456,2.0759789423915103,1267.7328006323712,857.3837126394831,1.0,20,19.0,0.0,0.0,0.0,0.0,1.0
457,1.7718795338715523,2273.0183369709393,1401.0882678869687,1.0,20,22.0,0.0,0.0,0.0,0.0,1.0
458,2.2058010200579514,3415.519668325073,2274.6848734276905,1.0,20,25.0,0.0,0.0,0.0,0.0,1.0
459,2.2786782861019983,17.95631779024971,34.78479741458762,1.0,23,1.0,0.0,0.0,0.0,0.0,1.0
460,1.0758002991530309,88.23382907526684,81.88017549706198,1.0,23,4.0,0.0,0.0,0.0,0.0,1.0
461,1.6595842612954546,168.76933008877782,116.81825956417387,1.0,23,7.0,0.0,0.0,0.0,0.0,1.0
462,1.7679479997711578,312.47260445654786,184.10108207684968,1.0,23,10.0,0.0,0.0,0.0,0.0,1.0
463,2.1671162663142844,558.2747268193546,388.4711242332777,1.0,23,13.0,0.0,0.0,0.0,0.0,1.0
464,1.9081562644897194,854.9212197764538,556.8357458925898,1.0,23,16.0,0.0,0.0,0.0,0.0,1.0
465,1.926975234356997,1257.0745300731858,779.6227618260305,1.0,23,19.0,0.0,0.0,0.0,0.0,1.0
466,1.773592747936086,2320.8985605563644,1367.1935685956926,1.0,23,22.0,0.0,0.0,0.0,0.0,1.0
467,1.483022364007718,3262.6500607209623,1878.295017505796,1.0,23,25.0,0.0,0.0,0.0,0.0,1.0
468,2.651409741409038,19.05976748874825,36.795231661334796,1.0,26,1.0,0.0,0.0,0.0,0.0,1.0
469,1.0607840995649913,92.26377807616551,79.60240475267075,1.0,26,4.0,0.0,0.0,0.0,0.0,1.0
470,1.679596186919878,175.3151447544187,123.09277708346868,1.0,26,7.0,0.0,0.0,0.0,0.0,1.0
471,1.7813102738258242,304.9567597266884,176.80776718617975,1.0,26,10.0,0.0,0.0,0.0,0.0,1.0
472,2.080843599443944,564.5181209447436,363.28754536321026,1.0,26,13.0,0.0,0.0,0.0,0.0,1.0
473,1.6739064981596952,845.0480422275449,487.8862683521642,1.0,26,16.0,0.0,0.0,0.0,0.0,1.0
474,1.4043267287749055,1237.8219554066568,679.9932795244657,1.0,26,19.0,0.0,0.0,0.0,0.0,1.0
475,2.005606093091793,2307.424475317729,1324.8643710912456,1.0,26,22.0,0.0,0.0,0.0,0.0,1.0
476,1.7990864729797875,3357.0508282954115,1889.0901823150618,1.0,26,25.0,0.0,0.0,0.0,0.0,1.0
477,2.1380538335139674,18.62123936002508,35.44346109471136,1.0,29,1.0,0.0,0.0,0.0,0.0,1.0
478,1.1625922724371656,89.46452274289389,77.257692860213,1.0,29,4.0,0.0,0.0,0.0,0.0,1.0
479,1.9056083898689227,170.77523657557487,118.97215193276733,1.0,29,7.0,0.0,0.0,0.0,0.0,1.0
480,1.6903103415481053,305.4713468750096,169.49911229766107,1.0,29,10.0,0.0,0.0,0.0,0.0,1.0
481,1.630113239511969,570.5701444004737,332.46956602550796,1.0,29,13.0,0.0,0.0,0.0,0.0,1.0
482,1.5389479811454154,855.4130380566281,482.06108150052023,1.0,29,16.0,0.0,0.0,0.0,0.0,1.0
483,1.3831968776851848,1212.274463631819,650.8845094735615,1.0,29,19.0,0.0,0.0,0.0,0.0,1.0
484,1.7184527754626537,2341.426399326139,1298.2629446390363,1.0,29,22.0,0.0,0.0,0.0,0.0,1.0
485,1.542922712347124,3404.0455072859095,1780.4562496601407,1.0,29,25.0,0.0,0.0,0.0,0.0,1.0
486,2.1826791752442163,18.409321749379682,34.365415734301614,1.0,32,1.0,0.0,0.0,0.0,0.0,1.0
487,1.1262457677702598,87.49990919375666,76.97730181634489,1.0,32,4.0,0.0,0.0,0.0,0.0,1.0
488,1.7713350389566977,174.6377419708712,117.52641628995431,1.0,32,7.0,0.0,0.0,0.0,0.0,1.0
489,1.6155582464301055,305.9653362099298,163.11682120222835,1.0,32,10.0,0.0,0.0,0.0,0.0,1.0
490,2.0633965508277217,574.3359546099495,363.7531401170336,1.0,32,13.0,0.0,0.0,0.0,0.0,1.0
491,1.63122839698879,852.6743085824996,475.2981126187488,1.0,32,16.0,0.0,0.0,0.0,0.0,1.0
492,1.6206211994056787,1245.703394183178,677.3113965395181,1.0,32,19.0,0.0,0.0,0.0,0.0,1.0
493,1.8021542529326489,2362.2792878960113,1239.6342583855119,1.0,32,22.0,0.0,0.0,0.0,0.0,1.0
494,1.6190314618110229,3350.3634793886904,1706.965413630029,1.0,32,25.0,0.0,0.0,0.0,0.0,1.0
